Graphic Design / Creative Direction|Nike Tech Pack|nike-tech-pack
Graphic Design / Creative Direction|Nike c/o Virgil Abloh|nike-x-off-white
Graphic Design / Creative Direction|Nike x FOG|new-project-54
Graphic Design / Creative Direction|Nike x TWIGS|nike-x-twigs
Graphic Design / Creative Direction|Nike x Off-White|nike-x-offwhite
Graphic Design / Creative Direction|Nike x Libertys|nike-x-libertys
Graphic Design / Creative Direction|Nike x Sacai|nike-x-sacai
Graphic Design / Creative Direction|Nike x RT|nike-x-rt-1
Graphic Design / Creative Direction|Koche x Nike|koche-x-nike
Graphic Design / Creative Direction|Nike Sock|nike-sock
Graphic Design / Creative Direction|Kiss My Airs|new-project-92
Graphic Design / Creative Direction|Magic Leap Visual Design|magic-leap-visual-design
Graphic Design / Creative Direction|Magic Leap 'Magic Shadows'|magic-leap
Graphic Design / Creative Direction|Jordan Brand Women / SU18|su18womens
Graphic Design / Creative Direction|Magic Leap Brand Guidelines|magic-leap-brand-guideliens
Graphic Design / Creative Direction|Jordan Brand / 23 Engineered|new-project-3
Graphic Design / Creative Direction|AF1 Lunar Packaging|new-project
Graphic Design / Creative Direction|Jordan Brand '17 Collection|jordan-brand-17-collection
Graphic Design / Creative Direction|Air Max 97 / Swarovski|air-max-97-swarski
Graphic Design / Creative Direction|Nike Running / Paula Radcliffe|new-project-48
Graphic Design / Creative Direction|NSW / Liberty's SU15|nsw-libertys-su15
Graphic Design / Creative Direction|Lebron X Packaging|new-project-2
Graphic Design / Creative Direction|NSW / Travis Scott AF100|nsw-travis-scott-af100
Graphic Design / Creative Direction|Nike Football / Kim Jones|nike-football-kim-jones
Graphic Design / Creative Direction|NSW / London Force|nsw-london-force
Graphic Design / Creative Direction|Nike Football / Carli Lloyd|new-project-72
Graphic Design / Creative Direction|Nike Air Max 87-17|new-project-1
Graphic Design / Creative Direction|Nike Apparel|nike-apparel
Graphic Design / Creative Direction|NSW / Sneaker Boots HO15|nsw-sneaker-boots-ho15
Graphic Design / Creative Direction|NSW SP18 / Cortez|new-project-99
Graphic Design / Creative Direction|Nike X RT|nike-x-rt
Graphic Design / Creative Direction|Jordan Brand / Women|new-project-4
Graphic Design / Creative Direction|Nike Football / Mercurial HO17|nike-football-mercurial-ho17
Graphic Design / Creative Direction|USA Olympic Team|usa-olympic-team
Graphic Design / Creative Direction|Jordan Brand / NBA All-Star Uniforms|nsw-tech-pack-ho14
Graphic Design / Creative Direction|Rimowa Identity|rimowa-identity
Graphic Design / Creative Direction|City of Flight|city-of-flight
Graphic Design / Creative Direction|Soul Cycle|soul-cycle
Graphic Design / Creative Direction|Jordan Brand / Westbrook|jordan-brand-westbrook
Graphic Design / Creative Direction|NSW / Tech Pack Wind Runner SU14|nsw-tech-pack
Graphic Design / Creative Direction|NSW / Tech Pack FA14|nsw-tech-pack-fa14
Graphic Design / Creative Direction|Nike Tech Hypermesh|nike-tech-hypermesh
Graphic Design / Creative Direction|Nike 2010 World Cup Invitation|nike-2010-world-cup-invitation
Graphic Design / Creative Direction|Nike Tiempo 94|nike-tiempo-94
Graphic Design / Creative Direction|NSW / Tech Pack HO14|new-project-38
Graphic Design / Creative Direction|Adicolor Launch|adicolor-launch
Graphic Design / Creative Direction|United Masters|united-masters
Graphic Design / Creative Direction|Lincoln Center Identity|lincoln-center-identity
Graphic Design / Creative Direction|R/GA By Design|rga-by-design
Graphic Design / Creative Direction|Hyundai 'N' Brand Book|hyundai-n-branding
Graphic Design / Creative Direction|Nike Basketball|nike-basketball
Graphic Design / Creative Direction|SP18 Jordan Westbrook|sp18-jordan-westbrook
Graphic Design / Creative Direction|Nike Christmas|nike-christmas
Graphic Design / Creative Direction|IKEA Family Identity|ikea-family-identity
Graphic Design / Creative Direction|The Fritz Dusseldorf|the-fritz-dsseldorf
Graphic Design / Creative Direction|Nike Posters|nike-posters
Graphic Design / Creative Direction|NSW / Tech Pack '15|nsw-tech-pack-15
Graphic Design / Creative Direction|SEAT Brand|seat-brand
Graphic Design / Creative Direction|Magic Leap Campaign|magic-leap-campaign
Graphic Design / Creative Direction|VF Foundation|new-project-47
Graphic Design / Creative Direction|Nike ISPA|nike-ispa
Graphic Design / Creative Direction|Magic Leap - The Create|new-project-52
Interiors / Architecture|Nike Fuel Station|nike-fuel-station
Interiors / Architecture|Nike Football / The Underground|nike-football-womens
Interiors / Architecture|Nike NYHQ|nike-hq
Interiors / Architecture|Nike 1948 / London Update|new-project-65
Interiors / Architecture|Nike - D'Arblay Street|nike-room-72
Interiors / Architecture|Nike Football / Phenom House|phenom-house
Interiors / Architecture|NikeLab / Feel London|nikelab-feel-london
Interiors / Architecture|Nike London 1948|nike-london-1948
Interiors / Architecture|Nike Running / NTL|niketown-london-running-floor
Interiors / Architecture|Nike Bootroom / NTL|nike-bootroom-ntl
Interiors / Architecture|Magic Leap Experience Space|magic-leap-experience-space
Digital|Status.im|statusim
Digital|Bradesco / Next Bank|next-bank
Digital|Givenchy.com|givenchy
Digital|Google Scout|google-scout
Digital|NSW Tech Book|nsw-tech-book
Digital|Godiva Chocolates|godiva-chocolates
Digital|Magic Leap UX/UI|magic-leap-homepage
Digital|Assembly|assembly
Experiments|Shoe Surgeon|shoe-surgeon
Experiments|Virgil Abloh|virgil-abloh
Experiments|Jordan x PSG|jordan-x-psg
Experiments|Nike AF-100 Zine|nike-af-100-zine
Experiments|Nike x Roc Nation SB|nike-x-roc-nation-sb
Experiments|Nike LDV|nike-ldv
Experiments|Nike WC 2018 Zine|nike-wc-2018-zine
Experiments|Nike Air Max Genealogy|new-project-37
Experiments|AirMax Day '17|airmax-day-17
Experiments|Nike Genealogy of Innovation|nike-genealogy-of-innovation
Experiments|Nike FA18 Lookbook|nike-fa18-lookbook
Experiments|AirMax Day 2019|airmax-day-2019
Experiments|Nike Air Force 1 Genealogy|nike-air-force-1-genealogy
Experiments|Unused Concepts|unused-concepts
_root|About|about
